customer_id,age,tenure,monthly_charge,plan_type,clv,churn
1,54,1,108.84444110243226,pro,3195.5245510659875,0
2,52,56,163.15008344090992,basic,2141.6019355901963,0
3,34,50,158.80694870779865,pro,3343.7827029882283,1
4,43,52,59.88318197136091,basic,3321.7420514640885,0
5,28,44,16.23543415587572,basic,3147.202810965576,0
6,55,39,114.83849764831282,basic,4580.589426583768,0
7,30,20,74.13316986650432,basic,2212.6605023151687,0
8,31,39,142.3796835160542,enterprise,2802.5671658833485,0
9,50,17,153.55760650163984,basic,1246.836789199257,0
10,25,1,166.39051101427177,enterprise,957.0264133380582,0
11,59,49,86.98697528443866,enterprise,2994.9317847025195,0
12,67,50,198.4113061384607,enterprise,1623.9367210769087,1
13,51,3,80.91130361013175,basic,1156.3521108713492,0
14,69,51,114.28434161921595,pro,1707.7408691244693,0
15,51,36,85.05156859271362,pro,2577.6958333555517,0
16,36,36,71.58657589502775,enterprise,4074.3014789174536,0
17,38,58,162.393386665737,basic,3904.0640602699214,0
18,62,15,158.29229153817667,pro,3004.3338178178415,1
19,55,11,24.967931327415535,enterprise,469.43276519283944,1
20,36,24,146.02045030066984,basic,2189.7571506846557,0
21,21,49,84.55778548694204,basic,366.78669437142133,0
22,23,6,81.6091166525881,pro,3031.360227421255,0
23,60,54,78.28792040151615,pro,4996.641315750946,0
24,48,50,37.00253993964898,enterprise,3617.1353714955985,0
25,53,53,88.04974887935784,basic,2037.8615926001883,0
26,31,27,78.94767718763042,enterprise,3993.278865171831,1
27,68,28,84.50581420589162,enterprise,1418.3033293280496,0
28,39,13,28.87501847209111,pro,1787.051413599763,1
29,64,51,17.872798815937756,basic,1239.2008698353309,1
30,20,14,42.53083862805429,pro,3536.289665367388,0
31,18,58,88.15503001830326,basic,4291.484520595702,0
32,42,43,123.5160011314637,enterprise,1908.6471345958407,0
33,26,37,93.75231750201365,basic,914.6839611090976,0
34,36,36,125.75033292351955,basic,3947.5633209776615,0
35,30,19,140.0361194114959,pro,1757.9947819109825,0
36,62,44,176.04510600482305,enterprise,4559.791356097867,0
37,64,43,187.07583494904358,enterprise,1893.4021473490109,0
38,33,33,191.2095605461265,enterprise,1027.0182384476743,0
39,31,16,155.40220589580906,enterprise,964.0707714199946,1
40,30,38,134.37729985291884,basic,1738.9019991741825,0
41,54,40,14.75706289236997,pro,4268.705499059356,1
42,36,58,171.25107202086096,pro,1751.0424257743177,0
43,48,30,10.334163957675308,enterprise,4141.3091217329065,0
44,29,39,149.40166525759608,enterprise,4945.2920383897845,0
45,56,3,11.575550475649615,pro,3459.357852531753,0
46,69,13,142.0482185519084,pro,2429.2388277726823,0
47,56,44,188.75856458076169,enterprise,777.5220412005156,0
48,19,44,47.0382232850185,enterprise,205.51607312239196,1
49,41,55,140.86378101313247,enterprise,4327.30392377684,1
50,63,38,116.81484718546429,enterprise,3168.3561269977495,1
51,50,55,179.34769235561592,basic,1868.3931985516135,0
52,40,10,80.71206143274618,pro,2866.124060040864,0
53,69,46,33.12713263751681,basic,2516.787294977466,0
54,58,7,11.160187146775577,enterprise,2689.994203781743,0
55,22,42,196.1940047678914,basic,4040.687348930319,1
56,34,36,120.80622230809963,pro,3588.8258600795375,0
57,67,42,146.14689282062932,enterprise,2009.41409647029,0
58,25,26,52.501256903223336,basic,361.7156890742926,0
59,52,22,44.72079711444635,pro,1576.3897564952563,0
60,61,59,38.60318504490617,basic,3434.8008383536976,0
61,62,3,26.211868803185148,basic,3948.448876393392,0
62,22,29,83.47005209692684,basic,4960.356977449635,0
63,38,28,121.95605734813378,pro,1490.060158648269,0
64,56,1,35.031074016755255,enterprise,1368.7528790366514,0
65,53,48,151.59489229928369,enterprise,2357.364999764746,0
66,33,45,57.47450946178602,pro,3958.9475146812297,0
67,43,35,123.26484213632143,pro,476.33318078960525,0
68,37,4,46.2803622934393,enterprise,2044.24744425573,1
69,46,28,194.7594078984056,basic,1499.2608480853232,0
70,19,7,52.96940776370624,pro,2435.3525129007426,1
71,43,20,67.60130156579163,enterprise,1556.9798666102818,0
72,55,19,83.29694412522609,enterprise,4545.608846210905,1
73,42,13,161.44666970511534,basic,130.38411358995123,0
74,63,37,147.8280536086897,enterprise,3524.1270794886022,0
75,34,48,22.434914960626706,enterprise,262.0252860534001,1
76,32,3,88.65872039794351,pro,1531.3375390985407,0
77,64,51,177.6228166822036,pro,4911.381542608575,1
78,43,2,47.66775113994092,enterprise,1550.5583371715338,0
79,26,4,161.5738533335273,pro,2205.2961878608266,0
80,66,45,27.215175031399983,pro,1065.7869334271747,0
81,62,43,12.714362448741007,pro,2837.2585809114053,1
82,25,45,19.20893961736273,basic,4209.416096737879,0
83,36,39,121.89407086640273,pro,2731.2891667510276,0
84,38,22,155.99553653267358,pro,4967.511408581967,0
85,41,38,60.64198022089524,basic,4233.877558544108,1
86,49,22,149.97579295405006,basic,3801.819112044506,1
87,34,25,114.69092716870576,enterprise,2655.2379735265254,1
88,48,42,43.44794263989043,basic,4886.229094323506,1
89,37,49,176.26306890866826,pro,4216.537748457835,1
90,43,55,32.60226824493108,basic,870.620180806567,0
91,35,20,145.15222842137246,basic,2663.263698312099,0
92,67,27,33.05550632720211,enterprise,2124.5103190917534,1
93,58,23,149.91351466900713,pro,240.059976508362,0
94,51,58,36.61675797639673,pro,2913.9137801350416,1
95,68,3,54.764205381679986,enterprise,878.549628599338,1
96,54,29,66.93403570482431,pro,483.7404547866372,0
97,59,34,78.50202244900636,enterprise,4576.887303502685,0
98,61,48,151.74964293092734,pro,548.2634231869106,1
99,63,5,16.127610871805317,enterprise,3854.541337544709,0
100,43,33,33.738767972186885,basic,1251.746637499511,0
101,35,44,46.65846833020629,enterprise,1292.421993979144,0
102,57,7,16.495578385221172,basic,2610.456478104165,0
103,29,27,21.81586553416679,pro,1328.2579037071523,0
104,44,34,182.1175717266642,enterprise,1541.81352350168,0
105,21,37,75.584772915273,basic,4376.595936254469,1
106,60,17,167.1306159821722,enterprise,3944.765552030654,0
107,64,29,123.31661771677983,pro,1655.8833712571693,1
108,42,35,110.21201744480472,basic,4972.295824902678,1
109,31,26,56.851583119588845,enterprise,3810.5156290124655,1
110,21,50,62.15008419027195,basic,354.9060387543673,0
111,39,16,131.88136195436869,enterprise,1544.878252773014,1
112,22,17,124.42853719274714,basic,2064.560959202022,0
113,68,38,76.85315456239346,basic,4794.743107336478,0
114,58,16,19.950662692931196,pro,1655.0017292635894,0
115,36,34,100.75840326469304,basic,4602.188063232731,0
116,54,25,174.03889100407832,enterprise,3500.87447400354,0
117,33,43,67.367701734185,pro,3653.4937661375893,1
118,32,50,164.30751807106464,basic,329.4670158980839,0
119,28,41,160.86798632150757,pro,3316.084688916024,0
120,67,49,43.88459607430827,basic,2678.77738893001,0
121,68,24,77.13737637007576,enterprise,778.7689007803586,0
122,52,53,132.834575038538,basic,731.622619685009,1
123,38,33,132.4752315723057,basic,2609.027939172696,0
124,39,46,137.68127957542535,basic,2649.0031924832083,0
125,62,30,85.33831666035618,pro,4892.878549263434,1
126,43,50,140.51254139413126,enterprise,1669.5855344237032,1
127,47,43,191.75554441650306,enterprise,4451.6152649657115,0
128,30,36,155.0183562928008,enterprise,4421.28512113222,0
129,41,58,22.678413379146697,basic,4907.718854797905,0
130,43,44,91.00101678415822,enterprise,1155.063219550863,0
131,37,17,110.9119366835209,pro,4432.593772455016,0
132,37,53,180.3504830344733,pro,3151.269939596078,0
133,19,3,140.77981054216593,enterprise,689.428343770059,1
134,24,7,144.35574474141617,pro,2997.6332587198367,0
135,28,35,45.30142994208577,basic,3714.0003100896156,0
136,23,45,36.661100765075716,basic,2423.173438056019,1
137,39,23,71.59582194172418,enterprise,3962.4410276833155,0
138,68,54,152.31491238388986,enterprise,707.1102370487394,0
139,39,6,175.13754093410685,enterprise,2852.3977627763197,0
140,54,46,144.9169187748466,pro,2466.886118077434,1
141,68,39,164.5344161271987,enterprise,2555.16194890675,0
142,20,21,183.56735877780068,basic,3368.725161806662,0
143,63,5,14.044769392800548,basic,2121.900761242655,0
144,66,17,188.79706647251157,pro,1922.5369072821172,1
145,40,50,161.7944514898649,basic,365.70989945591464,1
146,26,26,48.204002939894906,basic,1798.1901030156246,0
147,41,38,151.01497061706968,enterprise,2920.7539926191002,0
148,28,57,40.86781132630185,pro,3509.512646042272,1
149,58,56,28.337353643539476,pro,865.2326162692591,0
150,23,18,61.211956821811945,pro,657.4768178381368,0
151,22,44,191.76480572818426,pro,3091.2941970363427,0
152,32,30,70.43953643687207,pro,4306.41004212011,0
153,60,30,159.91915998098753,basic,2263.8432312964865,1
154,42,58,143.87296553356128,enterprise,1202.6928789222477,0
155,38,48,132.12928313329314,basic,4649.324883556548,1
156,48,27,178.69418132052525,enterprise,1867.6656519910644,1
157,27,49,90.04919076061924,pro,2102.7414746520053,0
158,62,8,162.80911644289318,pro,2984.9922481919175,0
159,30,10,36.2523484434239,basic,3069.356740789275,1
160,51,5,155.72816863476092,basic,520.8208293908455,1
161,19,36,199.81314849950073,basic,791.932300559154,0
162,31,45,167.05813296995782,pro,4811.750538146983,0
163,58,56,124.51038149662752,pro,2282.7978301755215,0
164,46,42,174.42762209410864,enterprise,1871.6178133684225,1
165,27,32,159.65280776709028,basic,2101.5893638632515,0
166,42,50,111.29314869934915,pro,3325.4639787750157,0
167,51,50,35.321031965360405,enterprise,1823.0901170247364,0
168,61,40,51.12760830981753,basic,1448.7422817081933,0
169,51,35,57.66580498808704,pro,3913.4020669023917,1
170,42,30,145.28748011281368,basic,2482.39710239339,0
171,56,40,40.35263059329327,basic,1326.3421600297006,0
172,39,16,55.5774744633293,pro,2639.7562150311146,1
173,32,58,101.55012486912707,enterprise,142.45372166457892,0
174,59,9,171.59892506783808,enterprise,251.81667760306541,0
175,23,45,117.70317142844968,enterprise,3496.2444720367553,0
176,30,55,47.94071424960518,enterprise,2528.7393736289923,0
177,37,31,86.61815419023151,enterprise,4892.70400592318,1
178,56,39,36.811037155853825,pro,1844.8834468525088,0
179,31,14,80.78111324267486,enterprise,3687.7844828241728,0
180,65,21,142.77750357822404,pro,4259.758629901362,1
181,63,36,93.60151716294358,basic,4733.406902522288,0
182,37,11,185.4960134471336,basic,151.93348142503834,0
183,56,1,79.66696670236784,pro,2214.6193455665125,0
184,43,30,114.95263632690524,enterprise,1714.3678954174459,0
185,46,27,112.3111229607484,enterprise,3739.825772168935,0
186,23,7,138.9147146443545,basic,1948.5121689085258,0
187,38,56,91.62008518238606,basic,2040.62426838785,0
188,36,41,127.2187129835279,enterprise,659.167942169795,0
189,51,10,151.20600899904616,enterprise,2026.1631384669718,1
190,27,35,34.67109949096715,enterprise,1640.4385238272155,0
191,43,37,162.18276719428818,enterprise,3592.2984042880844,0
192,59,22,103.7038999683799,basic,1907.8496784320723,0
193,51,46,94.60907548078788,basic,2089.033732950088,1
194,28,44,105.02609538390269,enterprise,1858.0096640637196,0
195,42,5,102.92394478775756,basic,1671.4968526455427,0
196,47,49,153.94149049771815,basic,4480.330143249016,0
197,69,17,99.95346666242675,pro,3981.1257157133996,0
198,66,50,144.33788128330744,pro,2915.7648119182386,0
199,64,51,77.26441891920133,pro,3676.959026521287,0
200,20,10,145.38925619345414,enterprise,2516.4895529418345,1
201,21,32,159.38485073182238,enterprise,181.12146078289953,0
202,53,55,104.29583004759454,pro,3534.635628049664,1
203,64,33,73.39618311286029,enterprise,2645.905271871913,0
204,54,24,84.20288075797369,enterprise,2643.1707920307363,0
205,45,51,72.87609880474956,basic,248.34350983301218,0
206,50,25,176.96379727879366,enterprise,339.4087510612975,0
207,29,35,19.91881992027406,pro,1936.549240028824,1
208,30,53,78.50115188539075,enterprise,325.515926530621,0
209,31,50,155.7179059216374,pro,3958.948741603782,0
210,28,51,21.924549289578426,pro,2699.6944483402026,0
211,50,13,34.38136339422387,enterprise,3598.3414839803927,0
212,61,42,101.16201116358584,basic,1042.6491654007273,0
213,19,42,130.79396663853169,enterprise,4697.991335517315,0
214,63,38,175.34240659137842,pro,4266.225981447875,1
215,56,16,142.59325622202905,pro,3466.013948433467,1
216,33,41,173.0446831405035,enterprise,2796.741555944118,0
217,56,6,20.229009262434936,basic,1226.9458147410085,0
218,43,35,153.78466566789982,pro,1153.2153750846956,0
219,29,4,113.26395950688313,basic,347.2756007200004,1
220,56,15,91.55732542592185,basic,803.6168928660238,1
221,24,17,193.5723868069868,enterprise,2518.394240983591,0
222,51,3,111.30567598863118,pro,2107.9026492366625,0
223,23,58,197.94827481006942,basic,3114.945415559135,0
224,65,58,164.12678375565,basic,1224.5939425707927,0
225,55,39,55.84330717615738,basic,4852.868667549782,1
226,56,28,144.60718756486463,basic,1041.287447309139,0
227,18,39,22.990174934354243,basic,4421.477497289664,0
228,40,29,47.28095132884536,enterprise,1655.424071546826,0
229,34,3,18.235408519092033,pro,3028.764769576141,0
230,22,12,136.4922033862183,pro,4317.630962726055,0
231,27,31,177.83080721883357,pro,3567.473190617554,0
232,45,37,21.216287641854343,pro,2794.6100748527892,0
233,32,56,187.7352324303471,pro,221.62593167245336,1
234,36,16,159.61488024103343,pro,2262.12461862668,0
235,21,50,154.0651164044578,enterprise,529.4064686613665,0
236,22,34,55.141829761457814,enterprise,4333.628158907155,0
237,31,6,69.394828568014,pro,2360.598964168501,1
238,35,41,172.38443094676109,pro,4216.212417844234,1
239,54,17,160.67509673156275,enterprise,242.0612473526375,0
240,53,5,110.16523849384956,basic,2503.1905118043774,0
241,48,53,36.66050279008934,enterprise,256.28957295795465,0
242,63,49,93.04125281985694,enterprise,1517.4627315827915,0
243,41,21,32.12801984746663,enterprise,4707.544043044446,0
244,43,7,128.0441532045943,pro,3128.9311119424415,0
245,39,25,101.43877077007183,basic,1998.8427237580634,0
246,68,42,84.3291107455356,enterprise,1967.0271659766443,0
247,34,42,164.65276207228607,basic,4232.892879656945,0
248,31,58,75.62831685658355,pro,2796.4015292023637,0
249,20,12,149.98995866398525,basic,2464.719615344566,0
250,65,16,22.607291323444617,pro,991.5812100376869,0
251,47,47,40.29290211960693,enterprise,932.7509303181038,1
252,28,6,192.28121242058185,enterprise,3272.096009427233,0
253,59,10,32.41092742016335,basic,4968.342516444759,1
254,23,54,174.8880718198933,pro,4156.429369197698,1
255,65,37,100.77191799561528,pro,4032.0965225572313,0
256,36,58,111.80875613727629,pro,550.2188328164361,0
257,55,1,64.8576274701589,basic,3016.546450894681,0
258,58,3,40.9002482513207,basic,2791.623892449508,0
259,40,12,63.95621327162368,basic,3929.0744850889896,0
260,38,6,197.52343884304435,pro,3433.511900690416,1
261,34,5,95.57187362427072,enterprise,930.9884794507,0
262,19,50,27.98097120913082,enterprise,4788.1396414787805,0
263,51,59,98.34952395786792,enterprise,3505.8563622250754,0
264,29,21,84.99553578491832,enterprise,3468.2029745016653,0
265,58,38,131.7198772567046,basic,3486.0608215146613,0
266,40,11,37.73900410620431,pro,255.58846206299305,1
267,65,43,179.4289384749187,basic,1961.5087359998433,0
268,43,35,133.35325386210258,basic,1165.4817273610315,0
269,19,19,22.002723864667534,enterprise,186.52315896813911,0
270,51,39,94.85309632867694,pro,2039.9683143960137,1
271,38,22,57.48338601108573,basic,3796.2616503561767,0
272,50,13,69.91992613145803,basic,3884.2932790565114,0
273,63,49,134.76801073987863,basic,3504.427077908841,0
274,23,47,47.93933014174262,basic,3791.418325595303,0
275,19,42,145.1220672265363,basic,3622.2564093154374,0
276,44,14,164.45181369502333,basic,248.79780762187636,0
277,67,39,100.40527360859383,enterprise,3968.244734114105,0
278,43,14,198.86391994340238,pro,3394.880243734545,1
279,22,8,64.76678559078388,enterprise,1792.299525511896,0
280,30,34,38.8377405822974,pro,117.97176173313773,1
281,65,5,80.89502849131915,basic,1418.1903895597518,0
282,25,43,172.78235639738108,enterprise,4204.4301198466055,0
283,34,59,58.85438391003265,pro,4193.132254613447,0
284,34,40,53.128834123714704,enterprise,527.0232052420773,0
285,29,47,43.87116920742938,enterprise,1909.1474176548772,0
286,25,8,162.40095712136412,enterprise,2403.7366340736166,0
287,54,4,129.53355629344412,basic,762.753829857505,1
288,38,59,62.454048344514206,basic,2307.3855558666974,1
289,39,33,130.31053832516324,enterprise,4861.3820705001135,1
290,21,57,169.23706698485486,basic,952.3092405847844,0
291,59,10,165.45976889274294,pro,1631.969418941248,0
292,50,56,40.17649053926367,pro,1457.2262017697042,0
293,63,54,167.23874882529222,basic,507.27630598813283,0
294,38,13,68.88039903171264,enterprise,391.15778293991957,0
295,42,17,119.15647303402639,basic,1518.546728409297,1
296,39,52,75.5857179009026,pro,2627.2652877260343,0
297,19,37,32.334641004724475,basic,461.36758645321163,0
298,31,22,134.2402527013768,enterprise,991.4791139189298,0
299,52,12,182.119950451896,pro,4741.597440122792,0
300,61,37,88.6927030298905,enterprise,3824.797135647828,0
301,32,23,38.170626597605896,enterprise,394.6728643945657,0
302,31,24,90.83973513154393,pro,4196.748121617845,0
303,51,15,78.73833207959494,enterprise,1277.3892789373367,1
304,47,54,141.57958412689447,pro,3255.33673811384,1
305,61,21,45.63797363429127,pro,1728.931603082278,0
306,22,35,61.16889063441544,pro,4444.307704425205,1
307,28,37,171.4352394882329,pro,4530.591624023676,0
308,63,40,131.5776169801115,basic,4338.485975536814,0
309,24,8,177.32695213103185,enterprise,4337.199152609693,0
310,55,41,77.13266408453472,enterprise,565.0096636688861,1
311,65,30,61.27043241046096,pro,3415.6162720284174,1
312,59,21,71.51095115994562,basic,677.1759687286681,0
313,47,7,28.673600662902242,pro,2142.769599343982,0
314,21,9,94.13417724291453,enterprise,4673.1822276670155,1
315,68,15,101.32369532515192,basic,1532.493344144587,1
316,66,21,15.336889215550274,pro,4156.261951218534,0
317,36,46,47.1706857884044,basic,925.0037757437092,0
318,35,58,83.84335432121654,basic,4878.109062176821,0
319,47,4,136.6830485926376,enterprise,1301.5466057840158,0
320,30,15,182.1121501388313,enterprise,2678.4899489804507,0
321,20,33,87.20961912196542,basic,2060.121641541531,1
322,53,35,94.71364310623221,pro,318.1461684501769,0
323,54,58,11.220422728911872,enterprise,3856.8363806761427,0
324,48,56,45.31791425536562,pro,1366.977885616964,0
325,24,48,157.73211737108605,pro,1093.8691986476024,1
326,32,41,108.27902991709054,basic,2335.4592964776093,0
327,34,34,58.912029585823305,basic,3761.3666805919,0
328,39,34,52.70064230379775,basic,614.5865300814942,1
329,28,59,128.44419417664847,pro,2101.3730880478756,0
330,19,48,91.08379627946854,pro,197.56796943201888,1
331,32,19,75.04993962402378,pro,2811.396467648973,1
332,47,51,62.00498097837998,pro,4947.21490158656,0
333,41,12,128.39175528579062,basic,1722.779369180696,0
334,27,59,62.660472153357325,basic,2633.5418177765323,0
335,24,21,163.7507920394813,pro,1093.7234071623927,0
336,39,47,58.0423881419214,pro,1323.033447214037,1
337,26,40,115.65179159035254,basic,163.4267780530135,0
338,64,55,66.27932923673472,enterprise,1827.16626121804,0
339,25,6,51.331800751374296,enterprise,1830.626389174619,0
340,32,36,63.8432491227549,enterprise,2119.8670690332474,0
341,32,48,127.78289237503243,basic,3461.9983896206177,1
342,55,37,154.5800901041864,pro,543.6082744237051,0
343,44,8,164.72821842541433,pro,4566.76670069481,0
344,31,24,51.928058658303165,basic,4849.003399168429,1
345,56,30,166.50267140245634,enterprise,2194.999765440133,1
346,64,39,76.49155694276337,enterprise,2922.0674958127656,0
347,44,5,97.45228495778981,enterprise,3340.83639904219,0
348,19,21,44.09125064853883,enterprise,2756.597376828451,0
349,39,58,189.5295247169591,basic,1250.3260848833202,0
350,18,33,137.4278242102722,enterprise,768.0613502289602,1
351,47,7,97.46132037381541,enterprise,1289.9452214573391,0
352,25,33,132.1918034338532,enterprise,2244.084865660435,0
353,68,49,57.51528917680891,basic,256.8144468946233,0
354,33,10,164.41272213892788,basic,3725.92418997564,1
355,53,24,123.89133792644704,basic,1639.4273196683635,0
356,62,22,27.235198843971588,pro,1540.8761055337106,0
357,57,52,133.8370884384339,enterprise,2441.473983343004,0
358,28,7,184.1113722232719,basic,3542.9412055929156,0
359,69,56,120.68953808782756,pro,728.9223195278774,1
360,58,31,71.11590849390268,basic,1555.2194031381955,0
361,67,15,79.4843235766001,pro,4688.641291336798,0
362,66,52,79.24953703722359,enterprise,3653.7092150689245,1
363,42,10,185.39210611573984,enterprise,1090.153609892413,1
364,61,58,191.15615955684927,pro,3218.259565707822,0
365,64,56,188.34285861802496,pro,2727.233812935011,0
366,58,15,134.5721285900459,basic,745.3239351023178,0
367,56,44,123.0704906331489,enterprise,3295.94744703766,0
368,59,8,12.440170509505664,basic,2953.9473985173263,0
369,51,30,108.331019602101,basic,4777.536876265919,1
370,37,6,196.63489790134926,basic,3530.261462067552,0
371,51,10,162.1423573534692,pro,2631.661133879098,0
372,53,41,101.19282552973823,enterprise,910.2419613732093,1
373,46,30,100.17938256980152,pro,175.1840686974973,0
374,60,17,46.62648442205231,basic,4602.626807220331,0
375,63,8,190.36766531214033,enterprise,2132.683640480026,0
376,67,57,182.9132403369434,enterprise,3471.839984140773,0
377,46,32,37.29098886082207,enterprise,324.96798564515973,0
378,66,26,56.96894961301314,enterprise,1610.2503637022003,0
379,32,58,34.51998942693311,enterprise,2800.742597312189,0
380,55,20,100.28016502015231,basic,3326.6210409893642,0
381,23,48,179.97432601996056,pro,668.859266888346,0
382,60,6,64.36621271464416,basic,3569.583840133447,0
383,20,9,135.27239385679877,basic,824.8785318935413,0
384,19,23,130.03391756128678,basic,2095.3583439385666,1
385,67,47,155.62556181427638,pro,979.200850889111,0
386,34,51,106.14519284414456,pro,2453.0245541870468,1
387,51,5,118.42407021168202,pro,3281.873400395755,0
388,43,43,42.110843976614326,pro,4584.800013270508,0
389,28,54,60.14438352741924,basic,3287.979280402944,0
390,50,6,66.55045621874473,pro,3424.9723453172237,0
391,33,30,67.1904799087528,enterprise,4013.51063054033,1
392,40,1,117.73494586180647,enterprise,3338.3126295334287,0
393,22,31,114.01909002231808,pro,4349.204692332211,0
394,24,21,95.99074701108677,enterprise,301.39263843353467,1
395,45,14,131.59635720884657,enterprise,3749.0753017275847,1
396,47,51,162.90900542375263,basic,1118.845167233444,0
397,45,31,165.04128755519503,pro,4355.272226130482,0
398,20,3,78.50597885274104,basic,1994.1778370500801,0
399,47,49,133.86740665250147,enterprise,2992.8988780831837,0
400,50,26,71.62618367294672,enterprise,889.312429006271,1
401,62,51,66.44946055832295,basic,2196.4382417919264,0
402,40,42,95.1618977133625,enterprise,2714.4380920649646,0
403,59,21,29.762548754902166,basic,3789.5620256829247,0
404,40,8,52.79427667273478,pro,4284.091579349623,1
405,52,10,100.42260052256614,basic,3088.360439683547,0
406,34,45,105.11176677217067,pro,1075.1626537416355,0
407,42,29,184.70707783382758,enterprise,1846.944476494084,0
408,33,15,119.80307110717668,enterprise,2972.856708206486,0
409,65,1,89.73853268862229,basic,2506.1947163924424,0
410,32,25,22.717488705461506,enterprise,3481.799816058834,1
411,26,49,29.631362199156378,pro,1479.9446603774418,0
412,37,53,82.6035995910842,enterprise,1203.5166526217065,1
413,38,50,114.97266639426654,enterprise,2395.9292579012013,0
414,51,36,121.15727252811116,basic,3096.50752349495,1
415,42,22,132.83602296450866,pro,4976.544778171352,0
416,63,24,145.43920899182376,pro,890.6321102257348,1
417,65,39,132.50496003726272,pro,1731.3732256875921,0
418,55,57,199.55502188938613,enterprise,2212.7163454258634,0
419,42,57,119.41931146448857,pro,2899.4767619114946,0
420,64,15,53.42321192119737,basic,4482.870840638442,0
421,20,37,43.878655755806406,pro,2086.8072196429157,1
422,42,18,168.40793860915835,pro,141.4957149563321,0
423,46,57,114.55666372761982,enterprise,2116.02356708757,0
424,21,31,92.3264523260583,enterprise,2682.7440030950006,0
425,35,6,184.92386345348112,enterprise,3436.5030512633293,0
426,27,25,49.84250725454046,enterprise,4546.788785927385,0
427,49,2,189.76191693791176,enterprise,2900.8301388183722,0
428,49,2,61.8484519593792,pro,3629.012281597535,0
429,19,7,125.88307111342199,basic,3001.521632833421,0
430,29,41,167.37724947367622,enterprise,1648.4813192124332,0
431,24,56,39.96634033411126,basic,4367.239483124311,1
432,47,16,35.77956786116465,basic,315.65719762594983,0
433,56,5,33.74717956467525,pro,1880.9628981443072,0
434,47,55,64.21749176569736,pro,4942.409715564622,0
435,29,23,18.87088342378792,pro,4681.481183755114,0
436,55,36,144.27490942050414,enterprise,2316.145779690227,1
437,33,57,42.25589157681847,pro,2503.688647401871,0
438,58,53,199.28553183187486,pro,413.46538186798483,1
439,18,22,129.6554942752673,enterprise,2969.8199350576524,0
440,60,53,13.065315459311782,basic,2982.1214614426644,0
441,42,7,113.78951165372467,basic,3853.484125706648,1
442,38,45,44.637482097675985,basic,3633.1416364601764,0
443,45,40,20.63417725501084,enterprise,3796.9329420996933,1
444,49,43,127.01514208970642,enterprise,791.4883894605194,0
445,34,14,163.2933844925702,basic,3223.056249395654,0
446,47,35,127.94070601232472,enterprise,3471.2328625325017,1
447,39,47,110.03630928799515,basic,2868.879420288784,1
448,41,44,198.54855954933595,pro,1870.8841792732353,0
449,69,17,47.461550709633094,basic,1552.058238744596,0
450,47,41,26.95452210179291,enterprise,1076.9937211734411,0
451,63,33,125.61790989475206,basic,1289.183386790526,0
452,50,7,85.25709400857393,pro,431.2159177473393,0
453,67,40,167.26453079270445,pro,1948.8414764636477,0
454,39,14,94.4814061001208,pro,3097.8681365201164,0
455,46,45,46.25491585972225,enterprise,3647.959879028944,0
456,68,47,19.77642238546545,enterprise,229.56406010640066,0
457,61,40,171.3911452259332,enterprise,2507.4896345151938,0
458,45,25,46.84382075597087,basic,1165.8113747010625,1
459,44,16,38.28461128559912,pro,4487.731617530121,0
460,53,44,146.59678693665768,pro,1385.6689709477466,1
461,67,8,104.97573705926482,pro,133.74095036152835,1
462,41,47,117.38820289983332,pro,611.8321238818219,0
463,58,13,125.18578260659079,basic,4852.147439816613,0
464,53,56,67.97607483690615,enterprise,565.8728839565977,0
465,31,18,52.307018594748754,pro,1866.7808759612226,0
466,69,19,34.3062896837035,pro,1567.4626093768527,0
467,61,4,149.84683856523455,pro,3449.7056952193248,0
468,49,15,75.49776203080299,enterprise,984.6626487773856,1
469,24,38,112.01483577045981,enterprise,1348.6942132751683,1
470,55,14,26.4235920346458,basic,966.7490309793355,0
471,40,32,48.85309200064901,pro,4219.8084016631055,0
472,32,20,160.93064354362141,basic,1538.1053974193399,0
473,47,19,131.10688999219582,pro,4854.845225759082,0
474,22,31,163.71376514910793,pro,2325.6558438283223,1
475,65,25,142.9063270903431,enterprise,2055.129173026495,1
476,67,5,11.360875917873063,basic,235.74488111249028,0
477,40,38,62.81238156824896,basic,3191.0605718784554,0
478,52,5,60.89083993183854,enterprise,1129.1561419337938,1
479,68,24,77.09295716731245,basic,1958.5434820609405,0
480,66,33,23.122973844640462,enterprise,974.8182405475966,1
481,38,8,139.0485656662524,enterprise,4377.10760683563,0
482,39,3,140.37691797331647,enterprise,718.3383576720041,0
483,50,6,199.498530886157,basic,4555.652833728441,0
484,31,16,82.36605302283701,basic,3818.616835291902,1
485,59,4,41.716101039814504,basic,3657.1064227758993,1
486,67,36,22.270178997749262,enterprise,3411.920870938441,0
487,48,44,16.730107858320068,pro,1360.0267189492392,1
488,18,56,52.18137440221584,pro,2488.423782557029,0
489,49,22,14.685687962946188,pro,3569.2842564092466,0
490,60,41,111.94886978331809,pro,1685.893721462375,0
491,67,29,34.395954867450214,basic,1591.3078572459106,0
492,40,34,49.400980060602414,basic,4871.5794133561785,0
493,24,37,197.24788922559893,enterprise,653.5261303551792,0
494,52,47,187.4524855098058,basic,2511.219740646479,1
495,20,30,67.39258357799031,enterprise,1408.767779793707,0
496,48,6,24.229796050172617,pro,2445.996552739086,0
497,28,43,185.7864684879824,pro,144.00608813087825,0
498,34,10,23.775483230271536,basic,3236.113701154272,1
499,19,52,83.43988914038876,enterprise,2267.702525400269,0
500,53,20,68.40024431417744,enterprise,3922.306282618573,0
501,36,15,39.79444439292304,pro,4277.755212703545,0
502,64,57,40.76219839762413,pro,2948.522657878808,0
503,20,57,112.82891205734678,pro,489.79607814302875,0
504,29,25,182.0858503453036,enterprise,1896.9200943158878,0
505,60,42,116.79504444763855,enterprise,1561.5981782852298,0
506,40,11,175.54046430353128,basic,3039.6658342889755,0
507,27,8,198.21037991048377,pro,1725.0805687925947,1
508,34,34,28.92715165500124,pro,2924.430816813206,1
509,48,18,37.605831172494064,basic,1903.7385558579538,1
510,41,24,195.6462297116226,pro,1543.260632879,0
511,69,56,113.73695202997688,pro,3902.929627225702,0
512,49,59,60.6873577885403,enterprise,3732.3297733140575,1
513,68,21,163.96182942749368,enterprise,4326.063124504393,0
514,24,5,165.16005716613057,pro,884.4832730633,1
515,65,54,39.625043461894016,basic,2842.777239049341,1
516,20,29,125.24700509627716,pro,3405.5946230942614,1
517,57,9,162.46492475872012,enterprise,521.3909477010451,0
518,45,11,175.39013359953213,pro,4680.882505379474,0
519,49,9,117.16943707667284,enterprise,641.8484695569327,0
520,45,38,172.6360473189004,enterprise,3152.1215647579165,1
521,50,39,86.78293387041259,enterprise,2618.1678153427383,0
522,24,18,37.064350394076634,enterprise,768.5573536371656,0
523,21,49,36.017057821751635,pro,1160.3790276545362,0
524,65,43,39.56025845795016,enterprise,807.0516115866004,0
525,23,55,75.24592778946497,pro,2577.8710876293057,0
526,66,42,15.75376262994275,enterprise,4268.098113121594,0
527,18,29,197.19432712342802,basic,1037.0490405671944,0
528,66,43,172.62435044678392,pro,2321.2512853132725,0
529,59,28,18.422314449990957,enterprise,910.5779779925975,0
530,25,1,19.214303853354323,enterprise,1758.0402895727054,0
531,29,59,75.09369542405979,basic,2784.016285154012,0
532,67,10,73.59103491224587,basic,698.7988555137119,1
533,21,50,193.34365195635388,basic,2305.529166016433,0
534,38,36,100.13428485479845,pro,136.32335039899237,0
535,45,55,157.84152255198478,pro,555.3058788251998,1
536,35,4,97.04133807678417,basic,1523.784850651501,1
537,68,43,97.4963732382331,basic,4789.282422542783,0
538,41,52,179.50381817995657,basic,3988.066614607776,0
539,24,26,102.38381655385248,pro,469.13310383735524,0
540,35,1,127.2598529637673,basic,4009.3139806090835,0
541,49,30,99.51995389515035,basic,1503.1982018036547,1
542,47,7,45.70753784827288,enterprise,668.7529239139727,0
543,18,36,161.82454358169028,pro,1618.4761092880822,1
544,55,50,190.9855140253365,enterprise,4174.874149071027,0
545,51,50,66.02896363027787,enterprise,4097.777845110036,0
546,59,48,147.91045862621363,pro,206.13669242359163,0
547,24,45,83.80411880902773,enterprise,1493.3167344786825,0
548,61,51,118.1679026203764,basic,1658.3387016037755,0
549,47,29,100.06597037787282,basic,3391.4367700816615,0
550,51,46,188.68950967781777,pro,874.9044734953238,0
551,18,51,160.5046937084726,enterprise,1065.6861970188338,1
552,51,43,135.8329424421628,basic,4647.640907514647,0
553,58,27,160.46153821541498,basic,764.8154679329239,0
554,56,36,86.52884210233267,enterprise,548.5971397881029,0
555,61,52,197.74644918032604,basic,933.9120994788569,1
556,49,41,26.374788740516866,pro,3602.254976295772,0
557,35,10,143.3897942977466,pro,2540.367088302272,0
558,45,56,21.74855874406378,enterprise,1943.5991939093335,1
559,22,19,88.93152715481064,enterprise,229.90204949808083,0
560,58,18,53.6964344559446,basic,3935.0378616071575,1
561,39,37,72.28802824504547,enterprise,4297.5454111462695,0
562,26,5,148.25153818017398,pro,287.08959220941574,0
563,47,13,37.366483017830035,enterprise,2025.9826639635198,0
564,55,38,53.28391586653882,pro,589.9857063603151,0
565,51,19,89.33828703130074,basic,3726.1362285003456,0
566,42,32,187.86913498550774,basic,691.4460616765125,0
567,57,13,127.26862159688586,basic,3856.3028310728278,1
568,39,46,157.26046850305357,enterprise,4631.066605556564,0
569,32,41,35.558503929455895,basic,306.1319004730157,1
570,55,16,63.453233099276964,enterprise,4113.306388994699,1
571,66,46,163.37041378330352,basic,3849.882677406028,0
572,59,6,172.07124323863547,basic,2915.3128608688403,0
573,20,48,84.2760306104513,basic,4647.201200335134,1
574,37,20,146.8211582968356,pro,706.0588865472448,1
575,30,41,82.83307531055347,enterprise,1543.8619647364828,0
576,65,32,152.24831432846523,enterprise,746.7798311820707,1
577,37,38,11.724486163698874,enterprise,4900.12127513118,1
578,68,15,131.6301351417934,pro,2375.093185681517,1
579,56,11,25.115159245440076,pro,3772.0905060398695,0
580,20,54,107.85844806296409,enterprise,1686.908832371466,1
581,42,6,120.1448563195511,basic,2058.2755323566944,1
582,42,59,109.31349407767104,basic,1860.8882071642863,1
583,20,13,44.40901066931736,enterprise,4909.3973963973185,0
584,53,26,92.15712720531067,enterprise,1262.6814593035538,0
585,53,42,130.8931198982009,basic,806.041635358098,0
586,62,37,127.46872786077691,enterprise,4762.867211216752,1
587,59,37,116.35627952176516,pro,3941.898877798424,0
588,61,21,186.68563529570974,enterprise,2871.0777252833427,1
589,41,8,192.83401813228633,pro,442.44518047068357,0
590,25,15,170.29354842289575,pro,961.0672438386404,0
591,29,17,17.518684657202822,enterprise,1291.8961719625931,0
592,53,39,71.32385695535713,pro,2945.359250830809,0
593,23,55,31.095803201709014,enterprise,1113.5045845878933,1
594,25,30,132.53248927100026,basic,3014.8679112129767,0
595,62,25,197.76806289079923,basic,4315.689439238164,0
596,56,44,50.844506595643054,enterprise,2601.6028530789204,0
597,58,58,106.21086501153641,pro,333.6378511459162,0
598,68,24,151.5635825456351,basic,2160.5638154510257,1
599,36,43,103.57310528082996,enterprise,3542.0453768179336,0
600,44,30,175.13289055794652,basic,3628.7790712474307,1
601,36,33,192.53584684373226,basic,4755.346069151424,0
602,62,44,132.15370551257774,enterprise,2412.6987962667413,0
603,53,59,15.630313114342114,pro,3471.9641889714035,0
604,61,24,185.31175292465656,pro,1816.0722169443256,1
605,50,10,139.66781010513756,pro,2981.6209285511973,0
606,37,37,37.151257990543385,basic,965.5407281171314,0
607,26,27,147.92855836300438,basic,858.189519444038,0
608,59,54,23.41342992836733,pro,3339.112570663566,1
609,56,7,35.89496724072063,enterprise,1227.4483235982111,0
610,31,16,80.88788242024826,pro,1178.0228782364948,1
611,27,43,155.92613921591396,enterprise,1464.3907195745687,0
612,26,20,59.030559032809485,pro,4433.670734187349,0
613,42,45,187.92461299480377,enterprise,2899.594982470247,0
614,22,1,185.72873689056541,enterprise,2595.9413424805743,0
615,53,21,188.27103515834818,enterprise,406.40688360833576,1
616,31,44,145.22683736955722,enterprise,823.0237562857195,0
617,47,23,151.60490186808136,basic,715.1099158658953,0
618,18,56,40.62704989196928,pro,1567.8968003648881,0
619,43,32,66.44998791123373,enterprise,1141.7493336340665,0
620,63,36,142.6728229725053,pro,4052.019155160902,0
621,67,1,47.74656059114256,pro,4085.924809124255,0
622,59,30,43.853525068739565,pro,2164.158080232746,1
623,46,9,124.60905672485364,pro,3509.729804211946,0
624,54,54,190.65560061055297,pro,3763.158256387449,0
625,68,19,133.72680661925065,basic,1952.544775198947,1
626,24,20,66.45291036278182,enterprise,631.969495446963,0
627,53,34,117.34984939857246,pro,668.1358327564521,0
628,51,1,96.90866746425493,enterprise,959.4009204517079,1
629,47,25,88.70294602610534,basic,1374.5429805673587,0
630,55,41,127.21337721412748,pro,4572.740452025165,0
631,31,24,11.340868401001346,pro,1618.3724472370968,0
632,31,49,162.60406577671873,basic,4428.986678495031,0
633,48,34,20.168477092281513,pro,3070.514661814692,0
634,27,49,170.77181866952102,enterprise,4028.7639749805235,0
635,48,43,66.28189174811254,enterprise,2929.7854645386324,0
636,46,58,133.73687838107998,enterprise,768.87829145982,0
637,69,21,69.16851893976107,basic,4991.721481968749,1
638,42,55,173.68824492811586,basic,1864.7734118704318,1
639,57,15,127.30676155446704,basic,906.4411795418532,0
640,51,16,49.882922385944966,enterprise,3815.234829843258,1
641,61,30,74.42610172392624,pro,2124.3835716015165,0
642,19,20,187.55830578828105,pro,2314.56745497253,1
643,55,33,25.31699122542156,enterprise,3753.3649413046264,0
644,48,49,124.05502699130496,pro,4171.921328932925,0
645,51,22,123.89880641481189,basic,1121.3646672886396,0
646,47,52,84.6338081714362,basic,2843.011454265012,0
647,56,23,64.72588085412781,enterprise,1324.2971932470605,0
648,31,12,112.77727208355488,basic,1077.8536735148298,1
649,38,31,53.950726525619395,basic,2363.7694809914387,0
650,57,59,16.74608162348011,enterprise,290.6099857049579,0
651,60,44,181.97944300404328,pro,837.3801890364517,0
652,44,58,166.0360350608244,enterprise,3969.0531002032944,0
653,29,2,35.85557897195602,pro,2158.7274266376585,0
654,50,34,119.94655456933573,pro,3369.1618377786012,0
655,28,37,49.31784794476111,basic,573.4208878158918,0
656,51,57,142.78654098208486,basic,2072.5008913779166,0
657,20,28,14.579818046018552,basic,2612.275649427241,0
658,39,18,178.29720440742676,pro,2047.5691665620095,0
659,50,34,109.99162488446245,pro,4672.006507165107,0
660,33,36,161.71562344223668,pro,2312.44355040943,1
661,57,16,93.81771415757375,pro,2163.0877130123713,0
662,69,6,167.6239246794899,pro,2780.771876768849,0
663,63,5,128.80338707673377,pro,3374.9010583596423,0
664,28,29,189.25480319224835,pro,2542.307809293954,0
665,25,10,107.75393194739029,enterprise,334.34487020435876,0
666,63,37,125.1435494044754,enterprise,4681.542346518532,1
667,19,48,196.21264246326893,pro,835.1084562581178,1
668,25,34,135.50060564167177,pro,2420.6146952170675,0
669,57,57,98.9004894218734,basic,511.0704346488469,0
670,59,3,100.11330210037482,pro,3087.0331403711843,0
671,57,4,150.23239330722373,basic,1763.192226125863,0
672,38,48,61.25027777412232,enterprise,3128.9694085614537,0
673,49,26,134.2838066458081,basic,2506.9715892941203,1
674,50,23,64.7502835737535,basic,1674.7047551556695,0
675,57,39,158.46009992343616,enterprise,868.9970271927009,1
676,38,29,122.31700958614454,pro,3506.2475452364038,0
677,19,16,27.841563449947884,basic,919.6262329950392,0
678,63,55,51.109777557786735,enterprise,3508.961242708007,1
679,36,55,174.75083036070524,enterprise,1372.3483112825413,1
680,51,55,118.53707287706159,pro,2422.05526183142,0
681,51,14,98.04768666035368,basic,806.494972769988,1
682,38,20,158.35124085532104,basic,4143.472668546025,1
683,56,11,101.24359963921962,pro,313.1863862981316,0
684,28,55,110.33222118703884,enterprise,1526.1518913905475,0
685,49,2,84.40008262884898,pro,4984.073911120958,1
686,45,35,177.50323480581068,basic,3684.530104952739,0
687,36,35,19.639830634063767,pro,257.46099618690073,0
688,26,54,36.215037227316216,basic,482.7727154515047,0
689,30,57,91.2447699705783,pro,2076.4656075999833,0
690,66,7,89.66755440280009,basic,1738.532856770396,0
691,39,55,163.47290628099123,pro,2547.783577628471,0
692,55,2,10.931585233074742,pro,1509.9990505876906,0
693,51,53,160.17855331516458,enterprise,3532.0228540349,0
694,64,26,122.06613357188736,basic,868.7333361954743,0
695,31,50,85.2116221679934,enterprise,2102.8225873100146,0
696,57,49,41.405277688282226,basic,2585.3168877613634,0
697,31,47,75.53312275306148,pro,4735.303180915021,0
698,25,52,181.875195419378,enterprise,2430.6727730328575,0
699,47,32,140.45449554527647,pro,3048.0263896419183,0
700,23,49,128.5767874011014,enterprise,3056.175914222413,0
701,25,34,51.34704117156109,enterprise,1809.4993398775857,0
702,31,46,128.49655873308353,basic,4548.073265511011,0
703,37,46,185.6569508692723,pro,610.8432745918354,0
704,30,47,167.55787377402172,pro,3231.646778383561,0
705,23,46,181.68421985207522,enterprise,1180.3372022193355,0
706,64,36,86.40519370100736,enterprise,1850.0618677139462,0
707,61,5,191.48769482694283,enterprise,4465.378713367547,0
708,63,47,151.7058038469654,enterprise,3762.2395840540466,0
709,19,46,54.40892383767313,basic,4372.511029975537,1
710,24,22,54.31047186523538,pro,1740.8007469360928,0
711,46,28,95.33238320523512,basic,4921.988089169011,0
712,50,11,13.856221835612512,enterprise,1217.241587810068,0
713,61,41,36.179696877352896,enterprise,4712.967281542674,1
714,58,31,105.45194545005707,enterprise,3893.5009781198337,1
715,52,25,189.1622006102747,basic,1136.0745992655768,1
716,65,38,38.512844404810096,pro,2079.04640157785,0
717,28,28,33.66976536723773,pro,724.033536939085,0
718,47,33,121.17355675241846,basic,3555.8234725030084,0
719,68,11,58.39347017139993,basic,3110.1932719836545,0
720,69,18,167.1248623151974,enterprise,3128.1951279264067,0
721,27,55,189.41687145566758,pro,3811.5541531848294,0
722,56,47,83.13331584418582,enterprise,1421.144578247712,0
723,27,43,74.87292234818734,pro,3661.1520674604963,0
724,45,54,192.76355883159212,pro,1151.837696300545,0
725,53,55,156.14258361185188,basic,3250.6669187830826,0
726,41,25,167.95712148332527,enterprise,1822.2964853001777,1
727,20,34,16.283113303109438,enterprise,2749.4873930124945,0
728,20,5,81.96055368015104,pro,253.35001927623597,0
729,65,33,147.67446413751088,basic,1642.2035513551082,0
730,61,33,142.7270627972619,pro,3197.6994415471827,0
731,39,47,37.2585076040181,basic,3142.7713050601506,0
732,23,52,52.853460530862556,enterprise,411.19475205882605,0
733,69,16,138.52590392504976,basic,4989.374783250117,0
734,38,25,46.3262194939747,basic,2359.0703095203735,1
735,31,11,188.20770408101092,basic,4689.35735728476,1
736,67,26,124.86155372123785,basic,390.1379798112759,0
737,53,30,182.65376856136817,pro,1571.5004589031594,0
738,19,18,152.5186658091192,pro,174.05569986862247,0
739,51,17,192.30523376926922,enterprise,3599.0812055893143,0
740,20,59,172.99353366683712,enterprise,2729.3796042154786,1
741,56,53,173.33022028034952,basic,977.7749492764432,0
742,29,46,12.330766074397689,basic,760.9988487930347,0
743,43,39,108.10737474090502,basic,3774.0894440762954,1
744,34,37,48.749847248885885,basic,3248.09156375556,1
745,42,20,137.32076044061228,basic,2811.5446207057907,0
746,65,49,83.00929970200468,basic,3207.1338704218906,1
747,48,31,188.09331329166662,basic,820.5797043574981,0
748,59,48,139.97061156345555,enterprise,2234.727421592741,1
749,20,8,70.6047702083939,enterprise,1564.1090750622236,0
750,53,41,171.36708481743835,basic,1901.9562249269327,0
751,49,52,106.0186633343941,enterprise,4153.815833069493,1
752,29,36,192.1338195552337,enterprise,3358.666543382038,0
753,35,27,89.23313309564368,basic,943.9596229051056,0
754,23,37,63.591515142124116,basic,1777.3041129261774,1
755,39,43,40.751051592879655,pro,2693.634709154602,1
756,39,42,131.4872607787812,basic,1592.2561951508285,0
757,19,3,93.00735479970214,pro,1184.6536611926824,0
758,56,47,161.4634165845662,enterprise,2858.3911091133136,1
759,38,42,88.76796052601759,enterprise,639.7805959439701,1
760,46,19,108.36691484917951,pro,151.53312174746787,0
761,50,40,148.8253517759834,basic,3802.0175178200852,0
762,29,12,46.167287245763134,basic,430.42062360267295,0
763,25,14,56.479635426917845,enterprise,1218.7268201777329,1
764,55,9,103.94223350460382,pro,2502.699061149923,1
765,37,17,171.98670602995915,pro,3109.618017150484,0
766,32,13,104.53420693228013,basic,798.2990182069501,0
767,42,34,27.698236067559137,enterprise,949.2838970894048,0
768,34,58,111.56027125157419,enterprise,371.26852022549195,0
769,44,53,36.00121933764396,basic,4170.271302173562,1
770,65,12,109.52018747621592,enterprise,4173.337636629328,0
771,52,49,125.96166506119079,enterprise,491.4200011329892,1
772,49,12,18.056223901918013,basic,1385.113939452678,1
773,20,38,103.32885219931464,basic,4481.194735374266,0
774,68,16,151.46027648586877,basic,4591.092560547499,0
775,27,34,89.92305784170011,basic,2925.666333658704,0
776,29,38,143.7840810988459,pro,3761.3250307316553,0
777,58,7,183.86683974493442,pro,3375.8680474889065,0
778,45,12,124.54445557525504,enterprise,3186.801638266678,0
779,29,44,94.92795924655236,basic,3285.2068638466926,0
780,48,31,22.29353271827717,basic,416.41043657484903,0
781,35,54,196.76393472849838,pro,567.9669549284829,1
782,37,14,186.55926878290836,enterprise,879.2179145726632,0
783,61,45,165.29515423410786,basic,3150.595360589281,0
784,50,24,34.70736395535097,basic,1304.0938412341686,0
785,65,12,194.77440752085,basic,2392.1909180058515,1
786,22,58,164.2446480453836,enterprise,631.8407379139154,1
787,46,7,17.700920684516017,enterprise,4258.155665164995,1
788,34,17,103.75801445968938,basic,901.075753572343,1
789,48,42,76.43334423100579,enterprise,3142.4098015826276,0
790,26,4,137.26533032506467,enterprise,451.22501226291604,0
791,55,12,179.75589077418897,basic,4514.985048983592,0
792,50,41,139.62162082526547,enterprise,1727.6686925890945,1
793,36,51,136.06749083641594,basic,3118.9986294371984,0
794,46,39,73.46057367130663,basic,4553.073953137523,0
795,33,3,122.59703634050187,basic,1542.5949431355607,1
796,29,27,171.81624722660507,pro,3997.783091858455,0
797,50,15,165.63815758755518,basic,2515.4481788586922,1
798,28,58,173.41029308196613,enterprise,1313.5821427557605,0
799,23,31,142.93017119845044,basic,538.659843955852,0
800,41,11,24.0200946049816,pro,1034.488539097317,0
801,42,8,55.67475803751934,pro,3260.4564563861118,0
802,49,28,163.21658226710892,basic,1325.7316734722122,1
803,49,15,188.7178496973067,basic,4355.66794735148,1
804,49,24,53.84430540721628,basic,955.9906492039535,0
805,59,28,64.6525321542748,enterprise,4878.962832981699,1
806,52,45,107.21664872487838,pro,819.2034765121493,1
807,33,23,59.99220769971932,pro,2413.4962674211683,0
808,66,28,28.620271045517605,pro,2585.815171936921,0
809,69,59,120.11922718767664,basic,669.6612512242939,0
810,32,14,141.17882774902935,basic,4611.965100190482,0
811,23,3,94.73778097313274,basic,4547.242202148039,0
812,52,33,194.74700534284014,enterprise,375.74271250969224,0
813,28,6,131.99977836186048,enterprise,1536.7375369128433,1
814,40,50,143.00218561569292,pro,3397.9562380568987,0
815,65,55,171.6589098612659,pro,4545.378272272112,0
816,64,35,55.24895639304649,enterprise,3153.1371195702905,1
817,67,40,88.59537042109211,enterprise,3429.520679360675,1
818,20,22,184.5814037596598,pro,137.2708616367585,0
819,31,17,98.07156938639997,pro,2054.700079772194,0
820,52,23,187.81368938229485,enterprise,4859.890720789728,0
821,63,23,18.86976855718918,pro,3710.9134150199775,0
822,68,40,56.283351409524585,pro,788.4149274513908,1
823,43,30,172.66806759358118,enterprise,3877.9643674136355,1
824,65,33,117.73175141648528,basic,2714.2853715362926,0
825,50,50,113.45063464603405,pro,3980.4117884846887,0
826,50,43,154.2101805744473,pro,455.32396204742156,1
827,52,34,90.26929716742563,basic,3926.183413737214,1
828,45,28,106.56135329445404,pro,699.0203141709895,0
829,31,32,135.3320562276188,enterprise,4828.351311870142,0
830,20,11,96.16925712087013,enterprise,1676.7174430099067,1
831,33,14,44.67908842429648,enterprise,2668.6619763389913,0
832,47,1,110.68954707078791,pro,2176.476224081644,0
833,54,16,67.26076666858023,enterprise,2848.468041427184,1
834,63,55,56.896185042543124,pro,2015.2066309414806,0
835,36,40,120.03759990158817,enterprise,1917.1206102412602,0
836,25,31,27.684297588789494,pro,4056.3564674921463,0
837,64,58,28.83558479802867,pro,695.2360645281005,0
838,57,54,94.34417473737349,basic,265.81793149103686,0
839,24,54,29.62585528706678,pro,3967.6462227779857,0
840,60,7,116.55246135224874,enterprise,2053.9070079330795,0
841,69,40,156.48700103465782,pro,4962.501268386268,0
842,63,47,112.4496584601572,enterprise,3177.4688988293187,1
843,67,59,183.55312536185522,pro,3858.5300082944145,0
844,54,21,173.14833914362242,basic,1673.3602274684185,0
845,19,54,188.20200966483645,basic,111.3784854264313,1
846,39,33,172.23575305171784,enterprise,2318.461421336444,0
847,50,5,90.21487816738484,basic,528.1912728725222,1
848,67,49,54.15690739397471,basic,3850.1821232233647,1
849,44,25,142.90498622736436,pro,4326.340109750917,1
850,44,21,187.4925458761564,pro,3931.122345944854,1
851,63,56,118.04715710995724,enterprise,3119.4950902689916,0
852,26,42,85.75956724234383,basic,1479.6751483536511,0
853,38,19,71.84093422207019,basic,3737.1255337021857,0
854,66,6,89.45000976413833,basic,1409.5604275359171,0
855,31,15,112.73152895506323,pro,1620.2068628894651,1
856,48,39,182.10335450033,enterprise,1194.059294383051,0
857,24,10,31.072021560112496,pro,2164.5796800547814,0
858,57,7,134.8552855806115,pro,3676.134415380898,0
859,20,56,93.29381589902641,pro,3372.2479998347494,1
860,36,24,53.59349377118327,basic,2157.6528157178686,0
861,55,14,74.695539370642,basic,3006.630592870775,0
862,58,47,177.30183839480753,basic,4099.477007045743,0
863,52,20,93.66447357748139,pro,3975.853801266958,0
864,69,23,167.50265945204194,pro,4811.193826131768,0
865,40,55,91.63341574782119,basic,333.4146843348367,0
866,61,2,193.66034957188668,basic,858.6070418309347,0
867,62,18,138.3271622121812,basic,954.5699584930065,0
868,34,6,110.89333277096537,pro,338.4956414192808,0
869,20,54,73.1618923671648,pro,1454.2817707584977,0
870,56,12,190.38200211014333,basic,4382.545449583458,0
871,26,45,176.01438647050287,pro,2348.2339712856738,0
872,54,23,68.37940045772744,basic,3189.5681568790696,1
873,65,4,140.417691753667,basic,1959.3275220415173,0
874,35,10,191.71316616181417,basic,3789.190864876113,0
875,27,59,60.62484453930784,pro,1566.2412333593272,1
876,49,20,146.9333350621358,basic,3756.149119024459,0
877,58,25,83.49001775801544,enterprise,2055.556798788327,1
878,48,23,141.5869846701981,basic,3926.6105232992,1
879,57,11,136.017527025912,basic,4560.240221132038,1
880,64,44,120.91502730662324,pro,947.5489648084632,1
881,45,44,13.222575124408793,enterprise,2775.603350156847,0
882,24,11,95.536791425739,enterprise,4156.021798201589,0
883,23,26,168.7200147873979,enterprise,243.3983785505865,0
884,66,55,169.73407149811322,enterprise,3836.637214993245,1
885,53,5,130.52551653448384,pro,3724.9323248540677,0
886,30,20,42.82006875257011,basic,3592.5975236603153,0
887,23,11,156.13360500207946,enterprise,1910.2435287038893,0
888,28,47,144.20211277513258,enterprise,3846.8831176200983,0
889,50,12,72.67991872534665,enterprise,363.74785705709627,0
890,66,52,78.45628015901153,enterprise,190.44631165965234,0
891,62,35,199.76466856684274,enterprise,1455.4013846193295,1
892,56,6,76.55125219947028,basic,2014.07070158818,0
893,40,38,137.81578997811386,basic,4521.180547313459,1
894,63,23,128.8731034755023,basic,1718.4875275252803,0
895,19,24,197.9200174653443,enterprise,2078.866492462189,0
896,34,30,127.4580216401286,enterprise,1324.206607998814,1
897,61,53,198.19331922425854,enterprise,1778.5429342666143,0
898,22,56,67.73318708561942,enterprise,1907.1784730237962,0
899,57,17,30.30674868979217,pro,818.5686880654994,0
900,41,51,156.77931880491997,enterprise,2082.678790252921,0
901,43,38,98.87792740580173,enterprise,380.10986545696693,1
902,55,41,109.82319012053944,pro,1656.9827936351764,0
903,34,54,87.00447973668862,basic,286.93430377510555,0
904,30,25,186.7733435437677,pro,3828.052284237635,0
905,53,56,11.857574930710367,pro,3915.4165291813206,0
906,27,26,49.84433701857721,enterprise,4861.59640817436,1
907,54,19,15.21921140964151,basic,2822.7532219838445,1
908,26,24,94.007600801619,enterprise,4509.606394364859,1
909,20,1,50.110840226684104,pro,3368.887375585797,0
910,47,50,109.43032944705362,basic,3967.9896862679857,0
911,39,42,66.20691446232388,basic,3128.583644688784,1
912,30,14,47.329757909040616,basic,554.9469479763922,1
913,25,18,124.20931272664617,pro,905.2372071352737,0
914,55,40,135.50697325625225,basic,1250.2717259285887,0
915,21,42,119.13064553715394,enterprise,2004.3761613279487,0
916,69,19,57.00649359525289,basic,1832.1716999608054,1
917,56,3,191.22595329544762,basic,672.9200544753523,0
918,57,6,134.1083102891909,enterprise,2635.5250473529495,0
919,48,50,145.09330628279778,basic,2426.336062976698,0
920,32,46,123.8257044929985,basic,2508.7035438363287,0
921,40,20,35.45259895277053,enterprise,4372.635612712712,1
922,53,28,100.13176349041197,basic,1954.8483951738124,0
923,22,26,142.642542881597,enterprise,1928.6684766695191,0
924,62,54,141.59123736702628,basic,4826.173432656781,1
925,66,16,191.04485651391246,pro,4741.509003217316,0
926,18,50,171.35281835613458,pro,758.5778252343018,1
927,40,24,19.358361727764304,enterprise,1663.7278040854776,0
928,49,14,29.264869472903168,enterprise,3795.091174063473,0
929,44,57,143.95402516289047,enterprise,4879.841250555894,0
930,35,35,58.690337993782265,pro,2724.697443016655,0
931,44,21,168.70453236965614,pro,2177.573140454169,1
932,21,5,168.22069723585113,enterprise,1492.193544352826,1
933,68,56,168.54731089802553,pro,1815.7975517363247,0
934,36,59,170.2388188630134,enterprise,3123.3590521628153,0
935,45,34,31.3744113294108,enterprise,4419.492070040593,0
936,32,11,130.5503830493646,enterprise,380.2088422836842,0
937,52,6,39.30499632993531,basic,2062.4597335298813,0
938,41,31,112.74706891240557,basic,1683.0813903277992,0
939,63,44,81.51015638335024,basic,1522.7692964490332,0
940,21,1,76.06489184323779,enterprise,4105.07272469423,0
941,53,47,192.12900998903262,pro,3376.9742723535483,1
942,45,14,120.02138462943861,pro,2732.066771562131,0
943,53,16,158.6569228350279,enterprise,1312.722273155406,0
944,66,22,180.5533932317641,pro,3674.2850515515884,0
945,57,17,35.379134690814944,pro,461.76924201173296,0
946,58,41,66.62969135654028,pro,1044.1848167713306,1
947,23,37,68.70489495196483,enterprise,364.4967684733243,0
948,28,24,117.70482255303341,pro,3332.8992288193417,0
949,49,50,129.59781957879346,basic,1538.7106055199552,0
950,55,42,126.8897412673439,basic,4882.118949646072,0
951,53,48,142.59594980772454,enterprise,2701.9755923408657,0
952,54,30,163.04591638686068,basic,1482.832355818839,0
953,27,39,32.047079546483914,enterprise,4003.933581648503,0
954,23,24,114.1398534055757,pro,4237.745638785344,1
955,19,48,98.9246925748338,basic,227.40492663395486,0
956,27,21,30.662867477228115,enterprise,2500.523531223074,0
957,21,26,95.25755781787367,pro,2896.4271973421014,0
958,49,13,36.53190524165946,pro,3658.29174011456,0
959,42,42,46.40378290456174,enterprise,3922.1788359321317,1
960,53,54,142.9050589335525,enterprise,781.9651711633039,1
961,44,21,83.62459675304882,basic,4571.104094057799,0
962,36,56,128.8710867726273,pro,3625.3738556067037,0
963,37,15,161.88805697901293,pro,3427.698205568618,0
964,68,28,136.29681186024487,basic,2888.501466030813,1
965,60,54,37.85624221450864,basic,154.87239868991216,0
966,21,13,62.35266720437989,pro,4247.22212409919,1
967,21,41,192.38202168442882,pro,1292.0709470808063,0
968,40,30,16.954134954128758,enterprise,966.7378282539148,1
969,67,4,97.79492409051784,enterprise,2067.011872792378,1
970,29,5,146.84707846539087,enterprise,2006.6400997366131,0
971,65,49,195.23254861535136,basic,3221.137982311437,1
972,20,2,128.2436598064794,basic,2342.0308720585767,0
973,54,25,93.89139490565069,basic,4349.160924997575,0
974,20,5,145.33465527472205,enterprise,4318.634442552216,0
975,65,34,112.3386989702679,basic,2036.3074235600816,0
976,66,38,172.67991794631678,pro,4042.1038531152844,0
977,43,32,104.66351973495999,pro,3626.362455411528,0
978,53,23,32.927296378842,basic,3712.5373089361356,0
979,61,23,198.49783964384298,pro,1001.8179247312745,0
980,23,12,159.883084866317,enterprise,1297.0468977390115,0
981,63,9,75.90079103013633,enterprise,2507.2826469463485,0
982,29,12,170.20975517195274,enterprise,3419.377539555825,0
983,59,5,165.35410757588255,pro,1409.9146393114715,0
984,44,49,195.13586199323808,basic,1454.7425118784918,0
985,26,19,30.39241111255499,enterprise,3205.7011371781255,1
986,39,13,137.09177661344154,pro,396.75281333130897,0
987,27,46,122.25047677352826,basic,511.80764580125145,0
988,43,23,176.74315725417375,pro,4254.975476448292,0
989,62,40,27.083674954619152,enterprise,3851.0135888377395,1
990,54,34,188.47974937309084,basic,4851.860354552336,0
991,67,31,146.12804330465255,basic,3770.837646045109,1
992,48,49,15.924964584038946,enterprise,1547.7487885092282,0
993,24,4,179.77142018719422,basic,526.6438101300084,1
994,61,27,184.99931491520624,pro,3799.3623910437327,0
995,28,43,25.834630748212323,basic,1233.951707477964,0
996,51,34,67.06010443402064,pro,3379.7262552933366,0
997,18,14,32.63251645493314,pro,4669.871514251105,0
998,35,14,85.49922022556305,enterprise,743.654375272392,1
999,39,58,40.536430982117835,basic,4152.745688158877,0
1000,53,40,90.44631226034129,basic,4806.3557063974,0
